,specialname,playcount,collectcount,publishtime,username
0,欧美 | 旧曲重拾，记忆里的憧憬,672953,763,2022-01-25,风花雪夜
1,粤怀旧丨岁月如歌笑看往事,3819984,1438,2022-01-25,陳翊希
2,70后老情歌 │ 时间考验着旧日故事,24926423,13207,2022-01-11,惜缘
3,『想念』烟雨濛濛，寄相思风雨中,2800952,1303,2022-01-11,桔梗
4,品味粤语经典：留住荏苒旧时光,2869293,1259,2022-01-11,尼斯
5,国语：老歌如酒，恰似你的温柔,4180483,2108,2022-01-11,笑看风云
6,往昔回忆涌上心头，浪漫经典无法释怀,5225484,1816,2022-01-06,稀释的鱼
7,80情怀：怪你过分美丽，怪我过分着迷,3630101,1821,2022-01-06,排骨捞
8,「欧美经典」感受时光从耳边划过,237650,206,2022-01-03,不朽的神话
9,【英文经典】熟悉的旋律回响耳畔,1222956,1077,2022-01-03,不朽的神话
10,经典英文歌｜这些歌是否会勾起你的回忆？,587431,592,2022-01-03,苦咖啡
11,「品味金典」回忆里的粤语经典,4192137,2030,2022-01-03,晚荌吻
12,粤语金曲 | 唱响逝去的惊艳岁月,1965895,958,2022-01-03,北飞海盗
13,国语经典｜沉淀了一份岁月的味道,18681237,7550,2022-01-03,大漠丽影
14,国语记事本：回到那个怀念的温柔岁月,3772338,1662,2022-01-03,小方寸
15,情歌传唱：打开80后的念旧心结,6104274,2101,2021-12-31,冰蓝胭脂
16,80后的深情：最远的你是我最近的爱,3716672,1278,2021-12-28,四裤全输
17,粤语经典：这些歌！单曲循环百听不厌,7151470,2531,2021-12-28,鹏鹏
18,【怀旧经典】在留声机中的独家粤语记忆,8519464,2833,2021-12-28,倾心红尘
19,经典之声：有一种回忆，温柔了岁月,2725703,830,2021-12-01,醉狼
20,追忆金曲 | 细细倾听，品味人生百味,2683030,1055,2021-12-01,龙女神话
21,芳华时光：70后的青涩爱情,4833394,2132,2021-12-01,小光头
22,国语回忆篇：谁曾惊艳了你的时光呐,5879319,2201,2021-12-01,夜雪如思
23,回味经典，有多少爱可以重来？,217578,2297,2021-12-01,新蚊连啵
24,似水年华 | 听一首老歌，想念一段时光,1206908,538,2021-12-01,花香儿
25,港风袭来丨怀旧经典，岁粤留声机,1610408,614,2021-12-01,示申
26,【情歌留声机】经典旋律留下的记忆,5206303,1704,2021-11-01,我是富翁啊
27,80经典情歌｜细诉爱情的模样,13707333,4189,2021-11-01,地雷
28,国语经典｜沉淀了一份岁月的味道,3245731,1265,2021-11-01,大头
29,国语经典丨这些情歌又老了一岁,3217170,1077,2021-11-01,椅子
30,芬芳馥郁｜时代记忆中的欧美金曲,103015,131,2021-11-01,流川
31,【欧美经典】镌刻在回忆里的旋律,131932,169,2021-11-01,潇湘雨
32,经典粤语：回忆越来越远的青春,1300897,487,2021-11-01,孤山
33,英文经典：老歌如酒，发酵悠悠岁月,654438,839,2021-10-08,韩家三少
34,80后情歌 | 篆刻在记忆里的青春,106311961,39970,2021-10-01,欠你幸福
35,英文经典: 岁月淘洗过的悠悠旋律,425752,391,2021-10-01,踏浪
36,聆听欧美不朽经典，品味岁月馥郁芬芳,841542,1452,2021-10-01,纯么
37,欧美经典旋律：翻开记忆的角落,150492,175,2021-10-01,橴橴
38,【经典国语】好歌如酒，愈久越芬芳,1685484,877,2021-10-01,野蛮宝贝
39,国语老歌 | 时光流逝，经典不朽,5343541,2151,2021-09-28,吾亦道
40,【回忆金曲】70后麦霸爸妈KTV必点,2935879,2212,2021-09-27,大熊喵
41,摇滚经典：超越平凡，怒放生命,984837,604,2021-09-27,风雪夜归人
42,【粤语怀旧】唤醒70后的经典旋律,4526704,1859,2021-09-25,断弦
43,【时光经典】莫名我就喜欢你，深深地爱上你,1066829,376,2021-09-25,龙之传人
44,华语金曲：世界浮动不安，我们等爱沸腾,404763,214,2021-09-25,风云一片
45,时光沉淀 | 经典至上，粤听粤怀念,1335377,708,2021-09-25,梦槿
46,记忆之声：70年代流行经典旋律,1746491,1077,2021-09-25,梦颜Amor°
47,怀旧：听经典老歌，感似水流年,2829098,2632,2021-09-25,滹匫
48,唤醒旧梦：思念如影随形，无声无息,529004,170,2021-09-24,残梦紫月
49,国语金曲 | 人生苦短，何不为爱痴狂,5415621,1476,2021-09-24,海洋之心
50,时光荏苒 | 不被遗忘的国语流行经典,221321,86,2021-09-24,禁止
51,国语怀旧 | 当你孤单你会想起谁,268497,153,2021-09-24,柯岩
52,【国语老歌】绕耳余音重温旧时光,424063,192,2021-09-24,紫水晶
53,经典老歌：曾经随风吹云散，期盼却朝朝暮暮,7630123,2571,2021-09-24,依旧ˇ倾心
54,「知味沧桑」付出太多得到太少,322660,191,2021-09-23,明若晓溪
55,「国语怀旧」历经岁月才能体会,1321403,387,2021-09-23,飞天神龙
56,国语情怀｜浩瀚星辰伴你渡时光,266156,174,2021-09-23,感觉
57,【粤来香】甘醇似酒，韵味无穷尽,848041,485,2021-09-23,龙叶剑鹤
58,往事醉人｜带你回到老歌时代,1048665,797,2021-09-23,当风筝恋上风
59,印度电影｜忘不了的宝莱坞异域风情,87100,243,2021-09-21,寂寞的幽酪
60,时光留声机：听不完的老歌，做不完的青春梦,8104318,3207,2021-09-21,恺撒帝
61,粤语老歌 | 来一沓陈酿港风金曲,2115889,804,2021-09-21,雨朦朦
62,国语老歌 | 带回风华正茂的青春,2963133,1441,2021-09-21,沉世美
63,粤语经典｜在留声机中的独家记忆,1444471,586,2021-09-21,残萧
64,经典唱片｜心结难解，被唤醒的旧梦,691334,648,2021-09-21,真爱
65,国语经典｜流年与时光的沉淀,2317390,1196,2021-09-21,椅子
66,重温经典｜青春的记忆在时光中沉淀,650577,367,2021-09-20,宝军
67,时光金曲：在万丈红尘中化成了永恒,865983,310,2021-09-20,潇湘烟雨
68,"怀旧粤语丨摊开岁月,邂逅斜阳",2508280,1157,2021-09-20,不要欺负我
69,经典闽南语：青春是个短暂的美梦,3780713,1781,2021-09-14,￡梦醒￡
70,车载金曲：聆听港乐，记录大地风霜,8041085,4274,2021-09-13,君临天下
71,林忆莲丨时代歌星，一代佳音,617977,792,2021-09-10,日照影山
72,赐我一意孤行执迷不悔的孤勇,271630,580,2021-09-10,官方茶话会督导员
73,情怀贩卖 | 岁月研磨出的旋律,7593826,2023,2021-09-10,愛憐
74,动情老歌：怀旧卡带机中的回忆,8368490,2569,2021-09-09,终结者
75,粤语经典电台丨点一首歌送给爸妈,7372826,3231,2021-09-08,天使的眼泪
76,经典粤曲｜青春已逝，芳华依旧,2208622,1251,2021-09-08,烨＆锦麟ι
77,【每周臻享】Beyond经典HiFi曲目,259312,468,2021-09-03,日照影山
78,宝丽金黄金时代精品典藏,724849,1302,2021-09-03,日照影山
79,【华纳天碟 · 真经典】HiFi品质收藏,334133,502,2021-09-03,日照影山
80,华纳白金经典全套 | 精选HiFi人声,327122,543,2021-09-03,日照影山
81,『情歌时光机』让你瞬间重返80年代,5441526,2552,2021-09-02,卧马横刀
82,「经典老歌」光阴疾似箭，不敢度韶华,4442662,2628,2021-09-02,朝露昙花
83,深情粤语｜似水流年，天老歌不老,2630271,1189,2021-09-02,恋恋天使心
84,漫长岁月成就经典老歌 | 英文篇,643050,742,2021-09-01,梦颜Amor°
85,英语经典：永不遗忘的青春颂歌,342768,575,2021-09-01,害怕女人
86,新年歌曲300首 | 春风送暖，纵情欢笑,3424229,1657,2021-09-01,摯戀強
87,老歌经典丨欢迎登坐音乐时光机,4104342,1493,2021-08-30,梁夏
88,国语经典 | 回忆的共鸣经典永流传,1515677,523,2021-08-30,上帝爱洗澡
89,港风影视｜老歌唱不停，剧情不落幕,2619894,1656,2021-08-30,Wede
90,国语岁月：时间逝去，经典永在,1745501,665,2021-08-30,黑夜飓风
91,欧美老歌•记忆里的纯粹岁月,319542,402,2021-08-30,冷晓寒
92,欧美老歌｜极具辨识度的情怀节奏,193601,286,2021-08-30,千年等待
93,粤语纪念册｜再望光辉岁月，重听旧日风华,711208,374,2021-08-29,太空收音机
94,欧美怀旧录｜将岁月以歌，赐青春燃情,5567617,2320,2021-08-29,太空收音机
95,先听歌后看戏丨高口碑的经典港片,149671,87,2021-08-27,妖精九九
96,【四大名著】音乐宝典影视瑰宝,470104,600,2021-08-27,爱上秋天
97,「国语经典」回忆伴着旋律涌上心头,4604505,1674,2021-08-27,509004962
98,国语金曲•爱我所爱无怨无悔,3267702,1187,2021-08-27,冰凌可儿
99,粤语经典：繁星流动，和你同路,7023773,3191,2021-08-27,依旧ˇ倾心
100,沉醉粤语金曲：怪我过分着迷,3759438,1164,2021-08-27,断梦残云
101,321音乐频道「精彩音乐汇」,885991,765,2021-08-26,509004302
102,车载粤语｜搭载老歌，开启时光之旅,1466127,1058,2021-08-26,好歌推荐
103,粤语回忆录｜模糊的记忆里，唱起岁月之声,398116,210,2021-08-26,热歌淘金器
104,抖音老歌：涟漪荡醒了沉睡的往事,3411008,1275,2021-08-26,可怜的烟头
105,迈克尔·杰克逊绝对精选 | 用声音纪念经典回忆,333247,1007,2021-08-25,索尼音乐娱乐
106,英语音乐剧丨在睡梦中他对我歌唱,8207,102,2021-08-25,King
107,青春保鲜丨金曲珍藏的不打烊记忆,2105594,982,2021-08-24,轩宝
108,劲歌粤语｜复古音浪，拨动久违心弦,2555915,2485,2021-08-24,好歌推荐
109,粤听粤怀念，旅途车载更精彩,514935,350,2021-08-23,爱你没如果°
110,车载国语 | 回味经典，老歌听不厌,343795,297,2021-08-23,天马
111,车载闽南语｜侬本多情，我心尤在,1141887,1036,2021-08-23,藏锋
112,情系闽南：言语虽不懂，韵味却很入心,7150833,3434,2021-08-23,恋恋不忘
113,岁月峥嵘｜年华恋恋不舍，往事历历在目,597283,193,2021-08-23,太空收音机
114,港风粤韵｜时光流转，芳华依旧,2197088,1001,2021-08-23,精彩华辉
115,经典怀旧 | 留声机里有关于我们青春的印记,3295600,1233,2021-08-23,加贝小姐姐er
116,经典粤语歌：岁月流淌，情深绵长,138278,60,2021-08-21,知若
117,港乐留声机：时光涣散，殷殷暖曲,64415,31,2021-08-21,知若
118,闽南语老歌：世事变迁，恋恋不散,1247970,413,2021-08-21,知若
119,华语忆往昔：日月如梭，醇绵如酒,74428,37,2021-08-21,知若
120,粤语怀旧情：摇曳时光，寄存往事,256568,113,2021-08-21,知若
121,粤语回味馆：金曲珍藏，温情迷离,381687,169,2021-08-21,知若
122,粤式忆青春：深藏一束岁月情怀,76158,32,2021-08-21,知若
123,金曲点唱机：光阴入怀，芳华摇曳,69932,53,2021-08-21,知若
124,粤语老情怀：轻倚时光，慢读岁月,157082,58,2021-08-21,知若
125,港乐赋深情：回眸清影，岁月冥想,51787,28,2021-08-21,知若
126,经典时光机：浮生流年，荒芜往事,71702,24,2021-08-21,知若
127,经典徘徊卷：岁月无痕，青春悄然,81533,19,2021-08-21,知若
128,经典忆当初：记录着光阴里的流转,62269,29,2021-08-21,知若
129,港乐经典馆：拾忆流年，情怀依旧,130240,54,2021-08-21,知若
130,生活不止眼前的苟且，还有前任的喜帖,290468,207,2021-08-20,37号元素
131,【HiFi港乐】华纳23周年纪念精选大碟,551365,383,2021-08-20,日照影山
132,港乐怀旧街：时光潺潺，尘封记忆,65155,34,2021-08-20,知若
133,粤语典藏馆：流年寂寂，情思成册,84613,32,2021-08-20,知若
134,经典回忆录丨永远心动的17岁花季,1914055,658,2021-08-20,锦瑟
135,经典 | 岁月沉淀，唤起旧时光阴,994612,246,2021-08-20,锦瑟
136,粤语老歌：感情至深，爱从未改变,156613,65,2021-08-20,梦醒繁花落
137,经典怀旧页：岁月旖旎，弥漫深情,55746,29,2021-08-20,知若
138,粤语旧篇章：翻阅流年，漫步记忆,58791,22,2021-08-20,知若
139,粤乐集结号：往事纷纷，经典栖息,54409,31,2021-08-20,知若
140,港乐回忆站：旧情往事，染香流年,147842,60,2021-08-20,知若
141,粤试粤泪目：回味记忆的最初美好,54247,34,2021-08-19,LovelyKley
142,经典闺蜜派对：KTV里的老旧情怀,52085,27,2021-08-19,LovelyKley
143,经典朝夕回味：用清晨迎接向往,38114,20,2021-08-19,LovelyKley
144,回梦经典语录：耳朵间的五味情绪,22933,32,2021-08-19,LovelyKley
145,粤式经典风：回味车间里的美好,23046,22,2021-08-19,LovelyKley
146,经典语录集：敬那些奔波劳碌的年华,50615,37,2021-08-19,LovelyKley
147,粤式经典寻味：怀旧滤色匆匆相拥,60868,25,2021-08-19,LovelyKley
148,粤式微醺：经典芳华里的陈年酿酒,41646,28,2021-08-19,LovelyKley
149,经典眼帘回放：抚照在脑海里的柔光,29649,24,2021-08-19,LovelyKley
150,时光沉浸式：粤来粤醉的解忧音符,40813,27,2021-08-19,LovelyKley
151,粤语休闲室：浮现经典的琐碎音符,25797,15,2021-08-19,LovelyKley
152,经典轮番回味：照亮岁月里的闪光点,54442,29,2021-08-19,LovelyKley
153,秋季经典番：凉意渐浓的粤式音符,34533,32,2021-08-19,LovelyKley
154,粤式光辉年华：经典轮番的岁月音符,37758,17,2021-08-19,LovelyKley
155,粤式闲暇频道：你是今日经典观众,9343,11,2021-08-19,LovelyKley
156,驾驶经典粤风：赏岁月的景点观光,18570,23,2021-08-19,LovelyKley
157,粤式清新享：旅途车上的经典语录,12203,13,2021-08-19,LovelyKley
158,缠绵粤式经典：倾述时光的岁月情绪,16441,13,2021-08-19,LovelyKley
159,粤式度假游：满怀如歌的青葱岁月,22704,14,2021-08-19,LovelyKley
160,时光倒流！那些脑海里的黑白频道,7751,25,2021-08-19,LovelyKley
161,经典回忆馆：旧情痴缠的粤语对唱,1298718,248,2021-08-19,知若
162,粤语专属频道：纪念逝去的青春芳华,905351,238,2021-08-19,LovelyKley
163,粤式放空赏：经典回味的治愈音药,489725,153,2021-08-19,LovelyKley
164,宅家听经典：耳间熟悉的岁月旋律,399750,135,2021-08-19,LovelyKley
165,心宜阅经典：带走岁月如歌的老情怀,142070,54,2021-08-19,LovelyKley
166,青葱岁月歌：粤式经典里的祈祷心事,135903,43,2021-08-19,LovelyKley
167,经典回味 | 似水流年，粤听粤啱听,400475,137,2021-08-19,锦瑟
168,经典脑海回放：画面浮现的粤式情怀,61244,15,2021-08-19,LovelyKley
169,华语经典录：染指流年，望穿你我,382906,88,2021-08-19,知若
170,经典柔光滤镜：黑白映像里的璀璨,19260,18,2021-08-19,LovelyKley
171,唱响经典语录：KTV里的粤语岁月,77788,30,2021-08-19,LovelyKley
172,国语经典｜年华难留，时光易损,127881,91,2021-08-18,热歌淘金器
173,粤语心事厅：今日份温柔经典已售完,54651,28,2021-08-18,LovelyKley
174,粤语怀旧街：温柔治愈的琐碎年华,71273,28,2021-08-18,LovelyKley
175,经典怀旧向：80后的专属情歌,10879744,4338,2021-08-18,湮芜ㄨ落翼
176,「经典华语情歌」 那些属于八零后的回忆,2563181,1302,2021-08-18,封尘
177,90回忆杀：哪一首情歌是你的青春,6296023,2528,2021-08-18,畅游人
178,致90后：告别时光，匆匆那年,1701006,487,2021-08-18,圣
179,国语经典赏：灵魂逍遥的沧海岁月,306498,107,2021-08-18,LovelyKley
180,粤式经典语录：时光背面的芳华正茂,206741,84,2021-08-18,LovelyKley
181,情感粤语频道！涌动内心的神偷岁月,385182,70,2021-08-18,LovelyKley
182,经典Hi-Res｜极致原音，岁月独白,1189587,894,2021-08-17,Wede
183,华语怀旧：昔日被时光掩盖的回忆,25492,22,2021-08-17,星云LQ
184,经典粤语金曲，老歌中的战斗机,2057847,508,2021-08-17,曲中人
185,车载经典：苍绿岁月，落花往事,120898,121,2021-08-17,知若
186,粤语留声机：年华若素，记忆翻飞,467474,124,2021-08-17,知若
187,粤语回忆盒：老歌伴你度过冷风的夜,3085983,659,2021-08-16,夏让
188,粤语Hi-Res｜高保真，极致回忆录,2609460,1429,2021-08-16,Wede
189,粤式氛围感！岁月洗礼的悠悠缠音,197765,66,2021-08-16,LovelyKley
190,老歌新唱：走过岁月，青葱如昨,322987,134,2021-08-16,知若
191,粤语珍藏：时光寄存的青春尾页,35319,16,2021-08-16,知若
192,粤语金曲：不语情深的往事记忆,93885,87,2021-08-16,知若
193,闽南语老歌：光阴润色，旧梦作茧,499394,248,2021-08-16,知若
194,熟悉老情歌：CD机里的凄美愁绪,243854,45,2021-08-16,知若
195,锋味十足：因为有你，所以偏爱,443415,392,2021-08-15,如风
196,粤语怀旧室：温含絮语里的经典音符,232821,83,2021-08-15,LovelyKley
197,港乐留声：时过境迁的光阴独白,278474,166,2021-08-15,知若
198,粤语怀旧：时光回眸跟往事邂逅,61992,20,2021-08-15,知若
199,华语歌词本：带你触摸青春记忆,38711,16,2021-08-15,知若
200,老歌珍藏馆：青春气味由此绽放,34484,28,2021-08-15,知若
201,粤语留声机：此去经年，回忆如弦,13664,18,2021-08-15,知若
202,怀旧闽南歌：风情满满的复古年代,344680,194,2021-08-15,知若
203,闽南语珍藏：尘寰阡陌，记情成卷,398621,175,2021-08-15,知若
204,怀旧闽南歌：相携芳笺，共醉流年,380981,206,2021-08-15,知若
205,经典闽南曲：流年阑珊，回眸情缘,261050,163,2021-08-15,知若
206,经典老情歌：光阴染旧，温婉流芳,1638181,476,2021-08-15,知若
207,MP3粤式怀旧：索取记忆的光辉碎片,738044,236,2021-08-15,LovelyKley
208,经典回光返照：重陷“昨日”的流连缱绻,259319,133,2021-08-15,LovelyKley
209,国语怀旧：时光荏苒，青春寄语,598871,181,2021-08-15,知若
210,我点你听：尘封年轮，经典情深,143516,59,2021-08-15,知若
211,痴情闽南语：岁月结茧，旧欢如梦,106932,65,2021-08-15,知若
212,经典记事本：重温昔日缱绻时光,141122,36,2021-08-15,知若
213,闽南语老歌：寂寞凭栏，渲染悲凉,226143,127,2021-08-15,知若
214,经典播放机 | 循环N次的粤语歌,406306,183,2021-08-14,林乐乐Music
215,粤语经典：重回千禧年，拾起旧时光,61221,37,2021-08-13,太空收音机
216,复刻青春丨掀起埋藏多年的泛黄记忆,869925,238,2021-08-13,轩宝
217,港风传奇：重返旧日的香港街头,543838,127,2021-08-13,任苍狼
218,那些年，我们一起听过的欧美金曲,72187,61,2021-08-13,追风
219,假如他们能成团，一定是男团天花板！,202982,182,2021-08-13,alfred
220,国语｜回忆时光流逝岁月沉淀,3255880,864,2021-08-13,心妍
221,粤语怀旧金曲，重拾旧时记忆,40539739,29866,2021-08-13,溺水的鱼
222,粤语经典|那段尘封岁月的港潮,2073347,630,2021-08-13,岁月如风逝
223,粤享时光丨品有余芳，韵味无穷,96265,39,2021-08-13,囿悳魜
224,国语经典｜愿那滚烫的岁月，依旧熠熠生辉,112490,59,2021-08-12,太空收音机
225,歌词写满课桌椅，磁带放进书包里,711544,299,2021-08-12,太空收音机
226,怀旧K歌馆：唱响流年的已逝芳华,5949832,1455,2021-08-12,轩宝
227,粤语老歌｜忆流光瞬息少年时，好景常在,1156342,394,2021-08-12,热歌淘金器
228,粤语对唱 | 相思风雨中，浓情蜜意,2668692,2326,2021-08-12,莫言
229,粤语回忆录：一句歌词忆起无数个曾经,191126,95,2021-08-12,莫言
230,粤语老歌｜港味声声起，旧人忆旧年,284780,180,2021-08-12,太空收音机
231,80后怀旧：青涩年代的爱恨情愁,5800025,2167,2021-08-12,世态炎凉
232,经典英文：开启你的复古留声机,22565,30,2021-08-12,星云LQ
233,『经典老歌』一个情字剪不断，理还乱,9285122,1354,2021-08-11,莫言
234,车载的士高｜荷东猛士，跨时代领航,5293707,8277,2021-08-11,Wede
235,经典情歌：唱尽生活酸甜苦辣,19566,15,2021-08-11,星云LQ
236,车载粤语 | 把快乐装在心中，一路向前,58663,51,2021-08-11,莫言
237,老歌翻唱｜新声唱旧词，再忆青春时,2052285,897,2021-08-10,太空收音机
238,古典圣歌｜优雅永不过时,29072,134,2021-08-10,顾书心
239,90年华：长大原来是种慢性告别,1710250,603,2021-08-10,一二一
240,记忆停留 | 定格青春的夏日流年,501061,181,2021-08-10,509005335
241,发烧友不听摇滚，你还是发烧友吗,369617,765,2021-08-10,VIPER_HiFi
242,【粤语发烧】一声歌喉响起 旧时回忆欢喜,2359803,918,2021-08-10,VIPER_HiFi
243,念青春：当年路漫漫，岁月无声言,948941,329,2021-08-10,知若
244,粤语金曲 | 塑造了一个美好的年代,2472315,944,2021-08-10,小星星
245,粤语经典：如诗如画的怀旧老歌,2338395,678,2021-08-10,星云LQ
246,粤语怀旧篇：卡带里的青春时期,579582,217,2021-08-10,知若
247,车载粤语 | 回忆路漫漫，粤唱粤伤感,2256817,1063,2021-08-09,陆离离
248,伤感老歌：陈年旧事，道尽心酸,14781934,3380,2021-08-09,世态炎凉
249,国语怀旧社：致曾经的学生时代,163641,67,2021-08-09,知若
250,旧歌新唱：复刻回忆重拾往日情怀,10777471,4767,2021-08-09,知若
251,怀旧金曲：致我们悄然而逝的青春,5308551,1128,2021-08-09,夏七七呀
252,麦霸养成攻略：唱响老歌，久听不厌,2715791,679,2021-08-08,曲中人
253,港乐怀旧：细数青葱时代的记忆,74202,26,2021-08-08,知若
254,粤语留声机：带你重走青春路,1190148,297,2021-08-08,知若
255,粤语回忆厅 | 经典画面，扣人心弦,3276638,664,2021-08-08,莫言
256,粤语怀旧馆：经典港乐泛起往日时光,103472,36,2021-08-08,知若
257,粤式伤感｜意外的相遇，揪心的怀恋,1251182,272,2021-08-07,莫言
258,粤语珍藏馆：时光清浅，流年安然,270973,97,2021-08-07,知若
259,经典闽南语：跨越海峡的老歌情怀,8814962,5703,2021-08-07,溺水的鱼
260,【粤语典藏】岁月沉淀的情感,10172643,2792,2021-08-07,许图南
261,青春是海市蜃楼 | 美好却稍纵即逝,195526,111,2021-08-07,璎珞
262,女声粤曲｜时代女神，打开泛黄记忆,2205913,951,2021-08-07,十八闲客
263,老歌珍藏：磁带里播放的80后青春,1701520,1116,2021-08-06,苏执小念
264,经典粤语女音｜承载着无数人的回忆,278765,153,2021-08-06,小星星
265,车载怀旧粤语：驶向岁月深处的故梦,722514,496,2021-08-06,轩宝
266,【80后情歌】旧时光里的心跳印记,2585045,1020,2021-08-06,小妖精
267,70后情歌精选丨话一曲情比金坚,1964848,1146,2021-08-06,清心蝶澈
268,「深情70」走进让你心动的港乐天地,2042941,788,2021-08-06,蝶心若弦
269,华语经典：纸短情长，尘封往事,3345192,1000,2021-08-06,知若
270,国语经典丨一首老歌，一个年代的故事,17498205,3707,2021-08-06,林哥儿
271,闽南专情频道：坐拥街边的喃喃旋律,167561,86,2021-08-06,LovelyKley
272,VIP典藏 | 回味无穷的粤语男声,1601731,1242,2021-08-05,Cinderella
273,KTV怀旧风暴，唱不尽的青春回忆,20401381,7888,2021-08-05,溺水的鱼
274,怀旧篇：挖掘属于90后的音符宝藏,882338,728,2021-08-05,逍遥仙
275,校园青春：点播90后的学生时代,610955,309,2021-08-05,我佛慈悲
276,Hi-Res｜超越SQ音质，重新定义发烧经典！,189695,1374,2021-08-05,哥的叭个猜想
277,闽南语珍藏：逝水流年的如烟旧事,342989,216,2021-08-05,知若
278,港风回潮：承包你整个青春记忆,444063,767,2021-08-05,十八闲客
279,闽南老歌：听旧曲诉说时光的故事,983293,404,2021-08-05,知若
280,经典粤语 | 历史如光，照射进心房,13776,25,2021-08-05,贩卖日落
281,欧美经典：穿越时空间隙，品铭古老韵味,86821,151,2021-08-05,吾秋
282,『怀旧经典』往事依然清晰，却已触不可及,546018,201,2021-08-05,莫言
283,华语经典丨韵味陈旧，重温记忆港湾,371398,80,2021-08-05,浅陌若曦
284,歌词记事本：最熟悉的青春重游,263053,42,2021-08-05,知若
285,回忆穿梭仪 | 聆听90后锦瑟华年的青葱,18197741,7219,2021-08-04,是心动啊_
286,欧美经典｜总有一首歌触动你心,120283,142,2021-08-04,颜露
287,经典| 日久弥香的英文老歌,100431,117,2021-08-04,鹰击长空
288,欧美：经典之作美好旋律永流传,20436,50,2021-08-04,小希
289,成龙影视集｜功夫巨星，声入人心,99680,194,2021-08-04,蝶舞云曦
290,粤语CD | 感怀时光的旋律,1435774,366,2021-08-04,蓝雨
291,怀旧老歌：带你重温磁带光碟时代,5339725,1659,2021-08-04,晓风盈袖
292,韵味港风丨深情不倒，旧曲重拾,20425492,12651,2021-08-04,阿姨
293,欧美经典：活在爱中，直至永恒,183047,388,2021-08-04,浅月流歌
294,怀旧歌词本：匆匆恍恍的青春时光,229764,103,2021-08-04,知若
295,【粤语】从前藏在MP3的歌，陪我走过年少时光,1531573,1067,2021-08-04,夏致
296,粤语经典录 | 复燃情怀的青春旧诗,6499,9,2021-08-03,LovelyKley
297,欧美金曲 | 深情是浪漫温柔的相望,114085,121,2021-08-03,水势不通
298,经典涌动！迈出封存已久的怀旧之旅,32223,22,2021-08-03,LovelyKley
299,粤语留声机｜漫漫人生研磨出温柔,683144,319,2021-08-03,墨仁
300,车载华语丨阳光旅程，聆听路上好时光,647245,222,2021-08-03,浅陌若曦
301,港式经典｜岁月日歌 历久珍存,1946532,328,2021-08-03,核桃对你好
302,欧美经典：打捞岁月金曲，唤醒音乐记忆,868083,1031,2021-08-03,Yamballs
303,闽南经典回味：拼起记忆里的时光剪影,119973,82,2021-08-03,LovelyKley
304,闽南语老歌：岁月沉香，旧情绵绵,321855,214,2021-08-02,知若
305,80年代影视金曲｜穿越时空，重温经典,3441857,1637,2021-07-31,萌小兔
306,闽南情歌｜旧日如梦，爱似一阵风,1016159,545,2021-07-31,Wede
307,港风粤曲｜经典永存，岁月永不褪色,8746562,3937,2021-07-31,精彩华辉
308,怀旧闽南歌：流年漂泊的记忆幻灯片,558250,289,2021-07-30,知若
309,磁带记忆册：匿藏在心花的情琐事,13685,14,2021-07-30,LovelyKley
310,经典重温丨豆蔻年华，童心未泯,4658909,2445,2021-07-30,阿姨
311,闽南痴情曲：幽居流年的孤寂往事,235400,129,2021-07-30,知若
312,重温经典：怀念录音机里的甜歌年代,4940808,1708,2021-07-29,空白格
313,粤听回忆录 | 寄居记忆深处的情怀,9145541,3517,2021-07-29,是心动啊_
314,闽南苦情歌：流年搁浅的虐心回忆,730686,387,2021-07-29,知若
315,旧日经典：学生时代的纯真回忆,2510315,892,2021-07-29,知若
316,倒带KTV：唤起你的青春回忆,913906,373,2021-07-29,知若
317,刘德华出道40周年：奉陪到底,12692185,13743,2021-07-29,酷叔
318,怀旧｜青春不是年华，而是心境,101760,62,2021-07-29,怡霏
319,经典倒带：摇响青春记忆的风铃,3299855,1697,2021-07-28,知若
320,90后怀念笺 | 承载记忆的青春指南,46322944,23411,2021-07-28,是心动啊_
321,粤语老歌 | 一曲经典，满载情深,2778191,614,2021-07-27,珍珍
322,粤故事 ：传说中痴心的眼泪会倾城,525942,190,2021-07-27,寂寞的幽酪
323,车载闽南语｜重拾记忆里的青葱时光,434454,369,2021-07-26,西门断天
324,车载经典：岁月悠然，红尘作伴,838299,729,2021-07-26,暗暗
325,英文经典丨岁月回转，悸动如初,1036714,1777,2021-07-26,喂有點疼了
326,国语丨青春像场烟火，美得让人窒息,329977,260,2021-07-26,Jackchon
327,古典同行｜求学路上的积极正能量,43583,160,2021-07-25,顾书心
328,音符跳动｜骨子里舞动的古典细胞,9325,36,2021-07-25,顾书心
329,日语传统｜怀旧情调，三味线之旅,88418,456,2021-07-25,Wede
330,复古电视机：收录关于青春的记忆,90592,103,2021-07-25,苏执小念
331,成名曲丨思绪如流，追忆峥嵘岁月,341216,213,2021-07-25,浅陌若曦
332,经典励志：别气馁，老歌为你加把油！,949598,273,2021-07-24,星云LQ
333,经典粤语：情迷港乐，其味无穷,1806931,749,2021-07-24,星云LQ
334,粤语青春：敢作敢为 一笑常在,100234,59,2021-07-24,任苍狼
335,经典珍藏：痴情淳朴的闽南老歌,161721,125,2021-07-23,知若
336,80后情歌 | 时光沉淀，深情不及久伴,237161,159,2021-07-23,天帝炎炎
337,经典闽南曲：岁月尘封的碎心恋情,563752,314,2021-07-23,知若
338,粤语老歌：回味过去的岁月深情,719755,235,2021-07-23,知若
339,车载老歌：拾光之路，永远相随,395908,332,2021-07-23,曲中人
340,怀旧金曲：追忆青春，聆听影视经典,159224,211,2021-07-23,苏执小念
341,华语经典：怀恋铅笔卷磁带的岁月,599228,437,2021-07-23,星云LQ
342,经典旧歌磁带：独人悠扬坐长谈,362303,225,2021-07-23,LovelyKley
343,欧美女嗓丨醇厚正宗，清脆悦耳。,11940,27,2021-07-23,Sooner
344,经典留声机：炙热年代的纯真记忆,1405112,412,2021-07-22,知若
345,经典倒带：追忆曾经的似水年华,305699,126,2021-07-22,知若
346,时光穿梭机丨解读90后的青葱岁月,276419,148,2021-07-22,娄小珉
347,温润年华：情丝万缕的粤语对唱,437318,184,2021-07-21,知若
348,醉熏闽南语 | 思念成诗的婉转情故,521220,286,2021-07-21,LovelyKley
349,经典鉴赏：悠悠岁月，落人间遗珠,192972,153,2021-07-21,LovelyKley
350,耳边响起的歌声，诉说着韶华已逝,1027701,320,2021-07-21,云鹤归
351,情歌金曲：有位佳人，在水一方,3940723,2082,2021-07-20,感觉
352,岁月流逝｜70后对于爱情的理解,1447068,1037,2021-07-20,醉狼
353,苦情闽南曲：岁月承载的虐心回忆,1625297,842,2021-07-20,知若
354,华语留声机：岁月翩翩的旧事前尘,956531,449,2021-07-20,知若
355,经典老歌｜把回忆酿成烈酒入喉,4961163,1199,2021-07-20,我是小虾
356,经典国语｜岁月留痕 老歌入耳,369723,146,2021-07-20,予茕兔桃想
357,时光旅程：追忆往昔青涩岁月,185990,97,2021-07-20,糖糖4835
358,95后小学生·藏在记忆深处的旋律,1296036,1139,2021-07-19,jio哥
359,经典情歌：卡带里的校园记忆,1027230,316,2021-07-19,知若
360,夏日经典辑 | 齁甜流年，愿岁月静好,73987,37,2021-07-19,LovelyKley
361,经典怀旧曲：歌词本里的青涩记忆,12758692,2755,2021-07-19,知若
362,粤语老情歌：红尘来去一场梦,953199,284,2021-07-19,知若
363,华语怀旧：时光编织的青春倒带,2074749,496,2021-07-19,Yamballs
364,经典怀旧 | 故事的结局 彼此安好,160783,59,2021-07-18,心雪
365,粤语老唱片：梦回磁带里的千禧年华,1317921,412,2021-07-17,LovelyKley
366,经典老情歌：MP3里的校园情愫,4477477,1502,2021-07-16,知若
367,倒带KTV：哼着老歌重温青春时光,883817,402,2021-07-16,知若
368,经典老歌来相会，感慨青春岁月,2695327,1037,2021-07-16,知若
369,年代经典：怀念旧时光，重择不朽经典,2812343,691,2021-07-16,愫墨
370,怀旧国语丨这些歌，听着听着就红了眼眶,3237537,1411,2021-07-16,空即是色
371,情系经典：记忆里挥之不去的音符,769072,326,2021-07-16,随我转
372,粤语老情歌：致回忆里的青涩故事,1083841,375,2021-07-16,知若
373,「怀旧记忆」沉浸心中的旋律，倒带回到过去,315727,129,2021-07-16,霏霏
374,经典台剧OST：重温那些年的爱情剧本,3118883,4213,2021-07-15,知若
375,经典珍藏馆：搁浅青春记忆的那些歌,1275382,431,2021-07-15,知若
376,往事回放机：穿梭时光，重拾青春,186149,108,2021-07-15,轩宝
377,细品质感港乐的经典旋律,343162,305,2021-07-14,日照影山
378,80男女对唱 | 夜风无意作情歌,641327,534,2021-07-14,老二
379,时光经典：许多逝去之物，都曾冠以爱的名义,75146,96,2021-07-14,甸子
380,苦情闽南曲：孤独深处的岁月回声,366903,197,2021-07-14,知若
381,老歌时光机：带你回望悠悠岁月,6396035,2323,2021-07-14,夏让
382,粤语情歌金曲:情至深处，渐入心底,2649686,1271,2021-07-14,笨鸟不飞
383,华语流行丨陪伴时光的经典留声机,7713,8,2021-07-14,我是火车人
384,就是这些歌里，有我们回不去的青春,1018819,306,2021-07-13,李呀
385,嘻哈复古潮•带你重温美国说唱的黄金年代,9536,77,2021-07-13,莫笃-Joe
386,打包经典情歌，一键收藏回忆,270261,272,2021-07-13,溺水的鱼
387,【经典国语男声】流金岁月，繁花似锦,102281,59,2021-07-13,禁欲
388,聆听90后：故事已决定好，谁是谁的主角,1491220,643,2021-07-13,HCT黄楚涛
389,怀旧欧美：沉淀情绪的经典金曲,16917,20,2021-07-13,我是火车人
390,欧美经典节奏：骚年秧歌必备,87949,113,2021-07-13,jio哥
391,情歌珍藏馆：沧桑年华的经典对唱,951817,378,2021-07-12,知若
392,经典节奏：旋转跳跃我闭着眼,142150,163,2021-07-12,jio哥
393,经典收藏 | 听再多也不厌的粤语老歌,3380699,1311,2021-07-12,安宁
394,粤语靓歌：一起走过的友情岁月,300233,144,2021-07-12,妙曼红唇
395,「经典老歌」只想用我的爱把你留住,6125308,691,2021-07-12,莫言
396,青春回忆杀｜最好的时光最好的歌,1819370,925,2021-07-11,李呀
397,经典土情歌｜淳朴民风，乡村爱恋,511683,609,2021-07-10,Wede
398,劲歌舞曲｜动感节奏，开启记忆旅行,5536012,7585,2021-07-10,Wede
399,粤语经典｜忆一段年华，聆听当年曲,884639,432,2021-07-10,Wede
400,摇滚乐队丨时代经典，传奇永不落幕,8635,25,2021-07-10,娄小珉
401,怀旧精选集：炙热年代里的回忆,4316064,1776,2021-07-09,混沌
402,国语经典｜那些年，你的歌词本里住了谁,10269711,3297,2021-07-09,梯田网络
403,闽南老歌：旧曲重听，漫步经典中,1812815,1088,2021-07-09,蔓若
404,粤听粤有味：宁愿同渡流浪旅程,143256,78,2021-07-09,口香糖
405,倒带KTV｜唱出谁的孤单心事,2822327,1793,2021-07-09,YDS
406,经典情歌｜打翻回忆再来一遍青春,6140082,2679,2021-07-09,你的美
407,寻味经典：时光的远去，显得历久弥新,58524,43,2021-07-09,梦醒繁花落
408,【迪士尼动画BGM】你的专属童年回忆,9570,63,2021-07-09,我是火车人
409,车载欧美 | 让经典旋律开启时光之旅,190870,271,2021-07-08,我和你
410,千禧怀旧 | 岁月无恒，唯有经典永恒,685742,303,2021-07-08,草莓啵啵子
411,【致敬经典】红极一时的华语组合,114059,19,2021-07-08,仙女不讲李
412,热血青春｜用骄傲单挑，篮球不会辜负你,84152,107,2021-07-07,跟着感觉走
413,王家卫的电影世界：别具一格的文艺情调,23249,58,2021-07-07,神雕侠
414,非主流时代｜属于90后的回忆杀,1044717,838,2021-07-07,梦雅丶
415,专属回忆：点播90后的学生时代,406747,233,2021-07-07,示申
416,【复古情调】让我们走进留声机的岁月,310154,648,2021-07-07,嗳耗子
417,情迷粤语 | 当年相恋意中人，旧欢如梦难忘怀,713955,428,2021-07-07,风少
418,粤语回忆厅 | 细品经典老歌，追忆往昔年华,242321,139,2021-07-07,甜甜圈
419,华语经典｜回顾过往，倾听青春典藏,289886,119,2021-07-07,玖九9丶
420,粤语经典｜少年仍未老，岁月忽已暮,111147,65,2021-07-07,细嗅蔷薇
421,老情歌：流年有你，追忆往昔岁月,1543765,586,2021-07-07,浅色夏末
422,经典重放：那些必学的国语歌,12962615,3998,2021-07-06,真爱永恒
423,青春倒带 | 刻在骨子里的经典国语,1749594,967,2021-07-06,流浪人
424,粤语经典｜重温旧时光里的优美旋律,175382,182,2021-07-06,THeS1_ky
425,青春拾忆｜旧曲重听，犹似当年醉里声,1319634,397,2021-07-06,THeS1_ky
426,『滚石』史上最伟大艺术家·100,874768,1922,2021-07-06,Cinderella
427,经典7080 | 光影流转，重温记忆港湾,17989605,7806,2021-07-05,是心动啊_
428,港风拾忆：时光易逝，重温旧时珍贵,210009,185,2021-07-05,苏执小念
429,80后经典：卡带机里的久听不厌,6910122,3470,2021-07-05,花开又花开
430,粤语老歌丨回味经典，重温那些年的美好,7155079,2626,2021-07-04,梦了好久
431,重温经典丨梦醒繁华，留作回忆,420134,208,2021-07-04,如风
432,回忆杀｜隐藏在歌曲里的青春,838133,491,2021-07-04,李呀
433,致青春｜懵懂的年纪，这些歌治愈了多少人,1693806,1149,2021-07-04,李呀
434,经典粤语：回忆粤来粤远的青春,1164780,526,2021-07-03,曲中人
435,痴情闽南曲：旧时光里的悲伤故事,1043592,726,2021-07-02,知若
436,经典珍藏：青春二三事，漫漫岁月情,2418973,903,2021-07-02,知若
437,粤语怀旧 | 那段旧梦承载着我们的回忆,1377911,689,2021-07-02,潇湘烟雨
438,「港乐情怀」岁月如歌，粤听粤爱,449461,235,2021-07-02,醉看朦胧
439,粤语经典丨读不尽的岁月暗涌,333605,138,2021-07-02,李超
440,华语怀旧 | 岁月峥嵘，追忆金色年华,3359667,946,2021-07-02,是心动啊_
441,粤语回忆录 | 思绪如流，忆梦长存,818448,325,2021-07-02,是心动啊_
442,青春回忆杀·80后的卡带故事,16328035,7418,2021-07-02,念安娜
443,「忆童稚」过期小朋友歌单,22129,166,2021-07-01,大咩老丝
444,欧美经典：岁月留声，寻回故时旧曲,871729,2040,2021-07-01,我会梦见一只电子羊
445,粤语经典丨岁月如歌，往事如烟,371298,266,2021-07-01,如风
446,粤语经典｜时光荏苒，追忆峥嵘岁月,4111097,1694,2021-07-01,我会梦见一只电子羊
447,80后记忆：哼首情歌给从前,6801723,2924,2021-06-30,YDS
448,「FUNK & DISCO」跳着舞一路向西,281409,395,2021-06-30,大木
449,你是今生的欢喜，也是余生的四季。,2714,24,2021-06-30,赵悠伊
450,岁月留声机丨忘不掉的你，忘不掉的老歌,1981199,792,2021-06-30,窈窕魂泣
451,回忆录 | 流光携刻下的一张怀旧CD,819029,282,2021-06-30,心岛未晴_
452,回忆录 | 时光流影过 岁月擦身离,1908574,391,2021-06-30,心岛未晴_
453,纪念黄家驹：纵有千万曲，人间再无你,7425656,10550,2021-06-29,胖胖谢景行
454,党成立100周年：百年历程，始于红船,178633,312,2021-06-29,kiss-淆
455,[英文经典]朝花夕拾，重拾旧情怀,80774,77,2021-06-29,念猫
456,欧美金曲：思绪沉淀带你回忆经典,54606,85,2021-06-29,易水寒
457,70后情歌：经典粤语情怀，爱到发烧,800903,684,2021-06-29,消失的你
458,经典怀旧｜70后的爱情回忆录,1967717,1416,2021-06-29,神经刀
459,车载经典：岁月无声，流逝有忆,352620,307,2021-06-29,倚天无忌
460,KTV订阅｜回望年少时哼过的歌,2390872,1024,2021-06-28,陶晓禾
461,流金岁月丨繁华已尽，情怀依旧,988103,521,2021-06-27,如风
462,记忆深处丨当时每酣醉，不觉行路难,125185,70,2021-06-26,我想喝阔乐
463,聆听经典：轻轻杨柳风，悠悠桃花水,719714,578,2021-06-25,梅花傲雪
464,经典国语丨找寻曾经浅唱的足迹,545709,242,2021-06-25,陪我聊聊
465,怀旧金曲｜带你回到老歌时代,1975862,746,2021-06-25,烟寂寞
466,经典粤语｜追逐时代里的浪潮,454791,230,2021-06-25,大漠丽影
467,最经典｜那些压箱底的粤语老歌,519039,245,2021-06-25,明若晓溪
468,经典情歌：MP3里的校园记忆,6696249,3915,2021-06-25,予你情诗百首
469,时光匆匆二十年，还是忘不掉这些歌,1612876,849,2021-06-24,胖胖谢景行
470,港风袭来丨情浓至深，粤听粤上瘾,1081698,448,2021-06-24,小句号
471,怀旧闽南风：伤心难画，深情难赋,415803,352,2021-06-24,知若
472,青涩告白：我的温柔，只想让你都拥有,195181,86,2021-06-24,泪无情
473,怀旧粤语：倾听藏于时光缝隙的往事,3097560,1276,2021-06-24,晚凉
474,记忆女声 | 从前喜欢你，白云缠绕着蓝天,248936,138,2021-06-24,携手游人间
475,80情歌对唱丨深情词曲勾勒爱的形状,907550,641,2021-06-24,冰冻
476,粤语车载｜日子匆匆，记挂那时景象缤纷,696091,296,2021-06-23,苍狼啸月
477,经典怀旧女声：时过境迁，往事已成云烟,434474,408,2021-06-23,阿波
478,经典华语 | 不可磨灭的辉煌,2173811,813,2021-06-23,左耳
479,国语金曲 | 聆听经典，感悟人生,1556458,677,2021-06-23,信任
480,港风｜粤语里风吹过的时代,183430,128,2021-06-23,恋爱频率
481,粤语经典：光阴逝去的日子，越成长越懂歌词,705922,300,2021-06-23,不贞的爱欲
482,时光机｜留不住的青春，忘不了的回忆,35885,86,2021-06-19,THeS1_ky
483,古装神话剧：重温经典传奇故事,3301561,3942,2021-06-19,Yamballs
484,怀旧国语｜光阴似箭在弦，经典不灭在心,1788919,734,2021-06-19,音乐达人飘飘
485,70后情歌：任时光匆匆，唯音乐不变,3299392,2245,2021-06-18,潘多拉
486,钟情粤语：聆听70后港乐金曲,2463779,1251,2021-06-18,幽幽
487,70老歌集：那段旧梦承载着回忆,1235022,823,2021-06-18,温柔一刀
488,怀旧老歌：来自青春的售后服务,3160774,1762,2021-06-18,溺水的鱼
489,香港新秀歌唱大赛参赛歌曲集锦(1982~1995),114103,119,2021-06-17,黃小師
490,欧美经典｜时光再荏苒，金曲仍动听,415425,776,2021-06-17,恋汐
491,【闽南语怀旧】绵绵情意，情歌分你一半唱,989099,718,2021-06-17,影儿
492,闽南语：别具风味的文化情调,1380946,904,2021-06-17,游荡
493,闽南语：悦耳经典 ， 老曲歌谣,703439,379,2021-06-17,启程．蒹葭＂
494,时光沉淀 | 打开70年代尘封的记忆,1440180,1025,2021-06-17,小景
495,经典回忆录｜开启90后的青春旅程,7078392,3399,2021-06-17,叽里呱啦
496,影视金曲 | 岁月留音  回味青春的故事,1504592,801,2021-06-17,小星星
497,经典国语唱片｜重温记忆中的声音,1813126,827,2021-06-17,锦陌路
498,岁月催人老，老歌酿情怀,1418296,813,2021-06-17,大傻
499,金曲捞 | 回忆里最深刻的感触,989810,434,2021-06-17,後羿
500,华语回忆录丨投递一封摩杰座老唱片,37185,45,2021-06-17,摘下月亮给你
501,90后随身听丨倒带你的青春,2087161,1251,2021-06-17,小句号
502,经典对唱｜老情歌，唱着童话爱情,2729310,2541,2021-06-16,Wede
503,【80年代】粤语爱情故事，追忆痴心永远,1262064,688,2021-06-15,俏皮小龙女
504,80情歌：情到深处人孤独，爱至穷时尽沧桑,1116294,715,2021-06-15,酷小毅
505,闽南经典 | 清新悦耳，魅力乡音,1129703,571,2021-06-15,至尊宝
506,粤语留声机 | 用歌曲回顾流金岁月,1215936,434,2021-06-14,草莓啵啵子
507,粤语对唱｜一对寂寞心，携手唱情歌,14203757,14161,2021-06-14,Wede
508,经典港风 | 染指流年，重温老歌韵律,2850124,1002,2021-06-13,是心动啊_
509,一键畅听不停歇：百听不腻，情迷粤语,4290841,2700,2021-06-13,咸鱼大饼干
510,〖欧美经典〗时光浪潮积淀的瑰宝,72766,132,2021-06-13,EvilMoon_
511,岁月留声机 | 找寻你的青春记忆,9919005,2691,2021-06-12,顾一白
512,光阴的故事：青春无悔，把岁月唱成歌,2440566,733,2021-06-12,小摇椅
513,粤语情怀丨重温往日歌，再忆当年情,5374802,2720,2021-06-11,往事清零
514,粤语经典300首：戳痛记忆的弦,27643879,13828,2021-06-11,乐潮
515,经典影视｜穿梭千年，寻觅神话剧情,627692,843,2021-06-11,珺珺
516,【怀旧粤语】穿越时空，再现璀璨年代,375222,229,2021-06-11,潇湘夜雨
517,齐秦为他人创作的歌曲：青葱岁月 落寞深情,175612,194,2021-06-10,黃小師
518,〖绝代双骄〗意气风发，快意泯恩仇,10227,43,2021-06-10,Yamballs
519,经典影视：蓦然回首，时光从指缝间溜走,2106060,1513,2021-06-10,晚凉
520,荷东的士高丨激情奔放，回味经典,3922248,5665,2021-06-10,如风
521,粤语情歌丨重温旧时的珍贵,2458528,1360,2021-06-10,周林枫
522,欧美经典 | 萦绕在耳畔的回忆～,3029872,5031,2021-06-10,盗和
523,随机播放：50首经典粤语重温青春,11411809,5622,2021-06-10,叽里呱啦
524,车载粤语 | 岁月荏苒，走尽漫漫人生路,1253964,971,2021-06-09,是心动啊_
525,怀旧伤感：恋情已逝去，无奈相思梦,942603,305,2021-06-09,安小莘
526,车载国语 | 柔情岁月，经典女声永流传,318814,360,2021-06-09,吕蒙
527,再忆经典：青葱岁月，满满的回忆,717242,319,2021-06-09,安小莘
528,国语怀旧丨经典情怀，往事仿如咋日,2245053,1018,2021-06-09,bless
529,欧美经典｜流金岁月 配上简单的老歌,45168,57,2021-06-09,EvilMoon_
530,时光穿梭机 | 唤醒90后的记忆深处,8249517,4201,2021-06-08,是心动啊_
531,励志｜内心的淡定和从容，才是最美的风景,178129,188,2021-06-08,数咩咩
532,回忆录 | 聆听岁月回响，重温老歌魅力,8650070,2677,2021-06-08,是心动啊_
533,女神金曲集：沉淀着岁月的风情,1766596,1145,2021-06-08,荔禾禾
534,经典翻唱100首：动情演绎，复刻回忆,13602559,5440,2021-06-08,荔禾禾
535,粤语磁带：光景浮现，堆满心间,91593,89,2021-06-08,荔禾禾
536,怀旧粤语 | 岁月拾荒，捡起被遗忘的时光,5915705,1886,2021-06-07,某人举
537,经典英文 | 指尖流年，细品光阴,169277,218,2021-06-07,思念
538,金曲浅唱：百花地深处，住着老情人,338475,121,2021-06-07,貓爪
539,岁月流淌 | 走过十七岁那年的雨季,375524,160,2021-06-07,天使的守护
540,复古时光机｜带你重回粤语时代,1396366,682,2021-06-07,叽里呱啦
541,各国国歌丨乐曲奏响，响彻全世界的声音,26583,311,2021-06-06,晨曦Princess
542,90回忆丨你还记得年少听过的歌吗,542574,336,2021-06-06,SOM
543,暖色流年：荡漾红尘爱恨的粤语对唱,1553124,426,2021-06-04,知若
544,经典武侠OST：策马江湖梦，倚剑踏歌行,6157476,9655,2021-06-04,Yamballs
545,重返70年代 ：回忆里的华语歌声,1335769,1044,2021-06-04,天使の猫猫
546,华语经典 | 年华碎影，追忆峥嵘岁月,6362949,2716,2021-06-04,是心动啊_
547,日语ACG：不断加码的热血青春,25152,171,2021-06-04,我是火车人
548,时光机：重温昔日旋律，唤醒青春记忆,277050,163,2021-06-03,苏沐尘
549,记忆倒带：岁月留声，情怀永驻,13892875,6775,2021-06-03,Yamballs
550,怀旧闽南情：流年翻飞，岁月凝香,581158,436,2021-06-03,知若
551,金曲点唱机：追溯过去的旧时光,1171235,603,2021-06-03,知若
552,港式殇情歌：心事重重的分手序曲,595922,471,2021-06-03,知若
553,周星驰经典重温：怀念那个喜剧之王,33370,92,2021-06-03,默蓝色的爱
554,欧美影视经典 | 爱情，人类永恒的主题,26051,78,2021-06-03,静ぃ水中月
555,粤语回忆馆：倒带时空，回顾芳华,1674619,666,2021-06-03,轩宝
556,倒带时光机｜80后熟悉的老歌,14571196,7284,2021-06-03,你的美
557,金庸群侠传 | 江湖风云任驰骋,885298,755,2021-06-03,枫林疏影
558,粤语经典 | 思绪如潮，重温峥嵘岁月,7112422,3529,2021-06-02,是心动啊_
559,时光机：您有一份回忆清单，请查收,389995,229,2021-06-02,苏沐尘
560,黄金年代：追忆青春的时光机,3320830,828,2021-06-02,小句号
561,痴情闽南语：情难放，长相忆,743162,527,2021-06-02,荔禾禾
562,还记得吗？非主流时代的经典歌曲,353908,234,2021-06-01,睡啊
563,90后回忆录：MP3里的网络旋律,1892249,1162,2021-06-01,〖就是俊杰〗
564,闽南金曲: 韵律优美，情深意浓,1792359,1057,2021-06-01,至尊宝
565,90情怀：分别多年，你依然在我心,470835,247,2021-06-01,念猫
566,青春无悔｜九零后听不完的情歌回忆,287197,136,2021-06-01,易水寒
567,老歌新唱：让歌曲焕发第二次青春,2395093,1103,2021-06-01,果子姐
568,【80后情歌】最浪漫的事，是身边有你,1377991,758,2021-06-01,**
569,经典情歌 | 最怕是动情，唱着想起你,2178270,893,2021-06-01,天宇龙
570,我知道你也很想念 | 那些回不去的年少时光,358552,127,2021-05-31,风云
571,欧美经典丨掠过琴弦奏出往昔岁月,69099,88,2021-05-31,无心人
572,捡起散落在时光里的经典 · 欧美,18752,53,2021-05-31,极品臭豆腐
573,浓情金曲：温习记忆，思绪如流,303972,243,2021-05-31,荔禾禾
574,K歌金曲：唱一首泛黄的时光,412803,202,2021-05-31,荔禾禾
575,经典粤语：记忆彼端深藏的旋律,221720,104,2021-05-31,荔禾禾
576,经典国语｜藏于卡带里的18岁,6803382,2800,2021-05-31,你的美
577,岁月万花筒：时光飞逝，岁月如梭,37636,43,2021-05-31,冷暖自知
578,林俊贤影视金曲集：俊逸流光 贤才傲世,25358,28,2021-05-30,黃小師
579,怀旧旋律：90后清晰可见的青春痕迹,4318011,1855,2021-05-30,荔禾禾
580,80后珍藏集：抖落流年的沧桑,1266127,522,2021-05-30,荔禾禾
581,华语时光机：重拾青春一号指南,1068086,489,2021-05-30,轩宝
582,怀旧闽南风｜藏在旧磁带的絮语,555078,454,2021-05-30,小星星
583,粤语回忆册：重返青春的时光列车,5914572,1684,2021-05-30,轩宝
584,怀旧粤语：深情不改，一如昨日,714004,384,2021-05-30,荔禾禾
585,怀旧粤语 | 再回首，青葱岁月已远走,2119755,671,2021-05-29,半枫荷
586,老情歌｜卡带里的青涩年华,4150566,2318,2021-05-29,YDS
587,80后回忆杀｜给你一张过去的CD,14982070,4636,2021-05-28,予你情诗百首
588,90后经典 | 永不褪色的青春年华,17143608,9054,2021-05-28,Cinderella
589,娱乐反斗星｜最惊的现场，唱最靓的歌,211224,136,2021-05-28,黃小師
590,怀旧闽南风：时光清浅，韵味留香,631139,457,2021-05-28,知若
591,经典老歌｜大江东去，留念当年,959597,663,2021-05-28,欠你幸福
592,回味经典┃愿时光能缓，故人不散,276227,187,2021-05-28,十年饮冰
593,国语经典：让风尘刻划你的样子,760885,281,2021-05-28,蓝色泪
594,经典华语 | 时光已祛，光辉难褪,176514,61,2021-05-28,飘零落叶
595,粤语经典拾遗丨特别的歌给特别的你,4231899,1396,2021-05-28,晨曦Princess
596,粤语留声机：经典何处不相逢,1651683,668,2021-05-28,知若
597,欧美金曲：时光不褐色，经典永流传,649295,1251,2021-05-28,风吹麦浪_更新动漫中
598,8090专属 | 致年少的青春记忆,3262108,2771,2021-05-27,安稳余生
599,车载经典 | 昨日像那东流水，离我远去不可留,64052,98,2021-05-27,心偌沉溣
600,,1000,0,,
601,,1000,0,,
602,,1000,0,,
603,,1000,0,,
604,,1000,0,,
605,,1000,0,,
606,,1000,0,,
607,,1000,0,,
608,,1000,0,,
609,,1000,0,,
610,,1000,0,,
611,,1000,0,,
612,,1000,0,,
613,,1000,0,,
614,,1000,0,,
615,,1000,0,,
616,,1000,0,,
617,,1000,0,,
618,,1000,0,,
619,,1000,0,,
620,,1000,0,,
621,,1000,0,,
622,,1000,0,,
623,,1000,0,,
624,,1000,0,,
625,,1000,0,,
626,,1000,0,,
627,,1000,0,,
628,,1000,0,,
629,,1000,0,,
630,,1000,0,,
631,,1000,0,,
632,,1000,0,,
633,,1000,0,,
634,,1000,0,,
635,,1000,0,,
636,,1000,0,,
637,,1000,0,,
638,,1000,0,,
639,,1000,0,,
640,,1000,0,,
641,,1000,0,,
642,,1000,0,,
643,,1000,0,,
644,,1000,0,,
645,,1000,0,,
646,,1000,0,,
647,,1000,0,,
648,,1000,0,,
649,,1000,0,,
650,,1000,0,,
651,,1000,0,,
652,,1000,0,,
653,,1000,0,,
654,,1000,0,,
655,,1000,0,,
656,,1000,0,,
657,,1000,0,,
658,,1000,0,,
659,,1000,0,,
660,,1000,0,,
661,,1000,0,,
662,,1000,0,,
663,,1000,0,,
664,,1000,0,,
665,,1000,0,,
666,,1000,0,,
667,,1000,0,,
668,,1000,0,,
669,,1000,0,,
670,,1000,0,,
671,,1000,0,,
672,,1000,0,,
673,,1000,0,,
674,,1000,0,,
675,,1000,0,,
676,,1000,0,,
677,,1000,0,,
678,,1000,0,,
